,0,NorESM1-ME,CESM1-BGC,GFDL-ESM2M,MIROC-ESM,IPSL-CM5A-LR,CanESM2,GFDL-ESM2G,HadGEM2-ES,MPI-ESM-LR,inmcm4,MRI-ESM1,bcc-ccsm1-1,RCP8.5_concs
0,1850.0,-2.025000000000034,-0.7250000000000227,,-0.125,-0.7250000000000227,3.2749999999999773,,,2.974999999999966,-2.2250000000000227,3.0749999999999886,-1.7250000000000227,284.725
1,1851.0,-1.9750000000000227,-0.5749999999999886,,-0.47500000000002274,-1.4750000000000227,2.7250000000000227,,,3.0249999999999773,-3.1750000000000114,3.3249999999999886,-2.375,284.875
2,1852.0,-2.0,-1.3000000000000114,,-0.5,-1.0,3.5,,,3.3000000000000114,-3.6999999999999886,2.8999999999999773,-1.0,285.0
3,1853.0,-2.0249999999999773,-1.0249999999999773,,0.5749999999999886,-1.0249999999999773,4.074999999999989,,,4.074999999999989,-3.5249999999999773,2.375,-0.42500000000001137,285.125
4,1854.0,-1.974999999999966,-0.4749999999999659,,0.42500000000001137,-1.375,3.2250000000000227,,,3.9250000000000114,-4.274999999999977,2.2250000000000227,0.5250000000000341,285.275
5,1855.0,-2.025000000000034,-0.125,,1.0749999999999886,-0.9250000000000114,2.2749999999999773,,,3.474999999999966,-4.425000000000011,2.6750000000000114,0.17500000000001137,285.425
6,1856.0,-1.974999999999966,-0.07499999999998863,,1.8249999999999886,-0.17500000000001137,1.025000000000034,,,3.7250000000000227,-3.974999999999966,2.8249999999999886,-0.07499999999998863,285.575
7,1857.0,-2.025000000000034,0.07499999999998863,,1.1749999999999545,-0.025000000000034106,1.1749999999999545,,,4.074999999999989,-2.625,3.1749999999999545,0.17499999999995453,285.725
8,1858.0,-2.0,0.0,,0.0,-0.5999999999999659,1.3000000000000114,,,4.100000000000023,-2.6999999999999886,3.3000000000000114,-0.39999999999997726,285.9
9,1859.0,-1.974999999999966,-0.27499999999997726,,-1.6750000000000114,-1.875,-0.375,,,4.225000000000023,-3.1750000000000114,2.625,0.125,286.075
10,1860.0,-2.025000000000034,-0.125,,-2.7250000000000227,-2.4250000000000114,-0.5250000000000341,,-0.025000000000034106,3.375,-2.9250000000000114,2.1749999999999545,-0.125,286.225
11,1861.0,-1.9750000000000227,-0.27499999999997726,0.32499999999998863,-4.074999999999989,-2.5749999999999886,-1.6750000000000114,0.024999999999977263,0.42500000000001137,2.5249999999999773,-2.7749999999999773,2.4250000000000114,-0.6750000000000114,286.375
12,1862.0,-2.0,-0.30000000000001137,0.30000000000001137,-4.899999999999977,-2.6999999999999886,-2.3000000000000114,0.6000000000000227,0.5,2.1000000000000227,-2.6999999999999886,2.8000000000000114,-1.6999999999999886,286.5
13,1863.0,-2.0249999999999773,-0.42500000000001137,2.7749999999999773,-4.925000000000011,-2.8249999999999886,-1.5249999999999773,-1.125,0.9750000000000227,2.7749999999999773,-3.5249999999999773,3.2749999999999773,-1.5249999999999773,286.625
14,1864.0,-1.974999999999966,-0.4749999999999659,4.225000000000023,-4.774999999999977,-3.0749999999999886,-0.6749999999999545,-1.375,1.125,3.3250000000000455,-3.974999999999966,3.525000000000034,-0.7749999999999773,286.775
15,1865.0,-2.0,-0.6999999999999886,1.0,-3.5,-3.1999999999999886,-0.2999999999999545,0.30000000000001137,2.2000000000000455,3.5,-4.399999999999977,3.1000000000000227,-0.8999999999999773,286.9
16,1866.0,-2.0,-0.30000000000001137,-0.8999999999999773,-3.8000000000000114,-3.3999999999999773,0.19999999999998863,1.8999999999999773,2.5,3.8999999999999773,-4.300000000000011,2.8000000000000114,-1.8000000000000114,287.0
17,1867.0,-2.0,-0.10000000000002274,0.8999999999999773,-4.100000000000023,-3.5,1.2999999999999545,2.599999999999966,2.2999999999999545,3.8999999999999773,-5.0,2.7999999999999545,-2.0,287.1
18,1868.0,-2.025000000000034,-0.3250000000000455,0.6749999999999545,-3.625,-3.7250000000000227,0.875,0.375,2.7749999999999773,3.375,-5.025000000000034,2.7749999999999773,-1.4250000000000114,287.225
19,1869.0,-1.9750000000000227,-0.6750000000000114,0.8249999999999886,-3.1750000000000114,-3.875,0.22500000000002274,0.024999999999977263,3.0249999999999773,2.9250000000000114,-4.975000000000023,2.7250000000000227,-1.4750000000000227,287.375
20,1870.0,-2.0249999999999773,-0.2249999999999659,1.375,-2.8249999999999886,-3.5249999999999773,-0.9249999999999545,1.5750000000000455,3.275000000000034,3.6750000000000114,-4.625,3.1750000000000114,-1.224999999999966,287.525
21,1871.0,-2.0,0.4000000000000341,2.900000000000034,-1.5,-2.8000000000000114,-0.19999999999998863,1.6000000000000227,3.6000000000000227,4.600000000000023,-4.599999999999966,3.1000000000000227,-0.8000000000000114,287.7
22,1872.0,-2.0,0.4000000000000341,3.8000000000000114,-0.6999999999999886,-2.7999999999999545,0.6000000000000227,1.6000000000000227,3.5,5.0,-5.2999999999999545,2.6000000000000227,-1.3999999999999773,287.9
23,1873.0,-1.9250000000000114,-0.22500000000002274,3.9750000000000227,0.875,-3.5249999999999773,0.07499999999998863,2.4750000000000227,3.6750000000000114,4.774999999999977,-6.225000000000023,2.1750000000000114,-0.5249999999999773,288.125
24,1874.0,-1.8999999999999773,0.0,4.300000000000011,1.8000000000000114,-3.2999999999999545,1.2000000000000455,3.6000000000000227,3.0,4.100000000000023,-6.699999999999989,2.2000000000000455,0.0,288.4
25,1875.0,-1.8999999999999773,-0.19999999999998863,3.0,0.5,-2.599999999999966,1.400000000000034,3.3000000000000114,1.900000000000034,3.3000000000000114,-7.199999999999989,3.0,0.19999999999998863,288.7
26,1876.0,-1.9249999999999545,-0.5249999999999773,3.6750000000000114,-0.5249999999999773,-2.4249999999999545,0.17500000000001137,2.275000000000034,0.875,2.9750000000000227,-8.024999999999977,2.875,0.07500000000004547,289.025
27,1877.0,-1.8999999999999773,-0.6999999999999886,3.900000000000034,-1.5,-2.0,-1.599999999999966,2.400000000000034,0.6000000000000227,4.0,-7.899999999999977,2.1000000000000227,-0.0999999999999659,289.4
28,1878.0,-1.900000000000034,-0.9000000000000341,2.3000000000000114,-2.3000000000000114,-2.400000000000034,-0.30000000000001137,2.1999999999999886,1.3999999999999773,4.599999999999966,-8.5,1.8000000000000114,0.30000000000001137,289.8
29,1879.0,-1.8250000000000455,-1.3250000000000455,1.375,-2.8250000000000455,-2.8250000000000455,-0.42500000000001137,2.6749999999999545,1.375,3.375,-8.925000000000011,1.2749999999999773,0.17499999999995453,290.225
30,1880.0,-1.8000000000000114,-1.3999999999999773,1.5,-3.5,-3.3000000000000114,-2.0,1.0,1.3000000000000114,1.6999999999999886,-9.099999999999966,0.6000000000000227,-0.39999999999997726,290.7
31,1881.0,-1.8999999999999773,-1.1999999999999886,2.1999999999999886,-3.8999999999999773,-3.0,-3.8000000000000114,0.6999999999999886,1.1999999999999886,1.1999999999999886,-8.899999999999977,0.19999999999998863,-2.099999999999966,291.2
32,1882.0,-1.875,-1.1750000000000114,3.3249999999999886,-4.475000000000023,-2.9750000000000227,-3.5749999999999886,1.625,0.8249999999999886,1.724999999999966,-8.675000000000011,-0.6750000000000114,-2.0749999999999886,291.675
33,1883.0,-1.9250000000000114,-2.0249999999999773,4.675000000000011,-5.425000000000011,-3.3249999999999886,-1.9250000000000114,3.0749999999999886,0.27499999999997726,2.6750000000000114,-9.324999999999989,-1.4250000000000114,-3.0249999999999773,292.125
34,1884.0,-1.875,-2.7749999999999773,3.7250000000000227,-5.074999999999989,-4.474999999999966,-2.6750000000000114,3.625,-0.375,2.125,-8.574999999999989,-2.6750000000000114,-4.974999999999966,292.575
35,1885.0,-1.9750000000000227,-2.775000000000034,2.125,-5.275000000000034,-5.675000000000011,-5.675000000000011,3.0249999999999773,-0.875,-0.2750000000000341,-8.675000000000011,-3.6750000000000114,-5.875,292.975
36,1886.0,-2.0,-3.1000000000000227,0.5,-5.600000000000023,-6.400000000000034,-5.900000000000034,2.099999999999966,-1.400000000000034,-1.8000000000000114,-9.400000000000034,-4.400000000000034,-8.100000000000023,293.3
37,1887.0,-1.974999999999966,-3.1750000000000114,0.8249999999999886,-4.875,-6.875,-5.375,0.9250000000000114,-1.0749999999999886,-1.875,-9.274999999999977,-5.074999999999989,-8.074999999999989,293.575
38,1888.0,-2.0,-2.6000000000000227,2.3999999999999773,-4.800000000000011,-7.400000000000034,-5.300000000000011,0.30000000000001137,-0.30000000000001137,-1.3000000000000114,-8.900000000000034,-5.100000000000023,-7.800000000000011,293.8
39,1889.0,-2.0,-2.0,4.100000000000023,-5.300000000000011,-6.800000000000011,-4.800000000000011,1.0,-0.5,-1.1999999999999886,-9.5,-5.699999999999989,-6.600000000000023,294.0
40,1890.0,-2.0749999999999886,-2.4750000000000227,5.625,-5.475000000000023,-6.175000000000011,-4.475000000000023,0.024999999999977263,0.024999999999977263,-0.9750000000000227,-9.975000000000023,-5.574999999999989,-6.074999999999989,294.175
41,1891.0,-2.0249999999999773,-3.0249999999999773,4.074999999999989,-6.324999999999989,-6.625,-5.125,0.6750000000000114,0.7750000000000341,-0.625,-9.524999999999977,-5.625,-6.524999999999977,294.325
42,1892.0,-2.0750000000000455,-2.1750000000000114,3.0249999999999773,-6.375,-6.375,-5.675000000000011,1.4249999999999545,1.0249999999999773,0.2249999999999659,-9.575000000000045,-5.175000000000011,-6.675000000000011,294.475
43,1893.0,-2.1000000000000227,-2.2000000000000455,3.5,-5.7000000000000455,-6.2000000000000455,-6.900000000000034,1.099999999999966,1.5,0.5999999999999659,-9.300000000000011,-4.400000000000034,-6.400000000000034,294.6
44,1894.0,-2.099999999999966,-2.599999999999966,5.900000000000034,-4.899999999999977,-6.199999999999989,-6.399999999999977,2.1999999999999886,2.3000000000000114,0.6000000000000227,-9.199999999999989,-4.300000000000011,-6.5,294.7
45,1895.0,-2.1000000000000227,-2.1000000000000227,7.599999999999966,-4.0,-6.199999999999989,-6.199999999999989,3.3000000000000114,2.1999999999999886,0.19999999999998863,-9.600000000000023,-4.600000000000023,-4.600000000000023,294.8
46,1896.0,-2.099999999999966,-1.3999999999999773,5.400000000000034,-3.7999999999999545,-6.099999999999966,-5.7999999999999545,2.6000000000000227,1.8000000000000114,-0.0999999999999659,-10.0,-5.0,-4.2999999999999545,294.9
47,1897.0,-2.0249999999999773,-1.0249999999999773,2.875,-4.724999999999966,-5.4249999999999545,-5.625,1.775000000000034,1.375,0.375,-10.724999999999966,-4.724999999999966,-3.4249999999999545,295.025
48,1898.0,-2.025000000000034,-1.7250000000000227,3.474999999999966,-5.125,-5.125,-5.625,0.875,1.474999999999966,0.17499999999995453,-10.325000000000045,-4.725000000000023,-3.125,295.225
49,1899.0,-2.0,-2.0,4.5,-5.300000000000011,-4.600000000000023,-5.0,0.19999999999998863,1.1999999999999886,0.10000000000002274,-9.600000000000023,-4.699999999999989,-2.6999999999999886,295.5
50,1900.0,-2.0,-1.900000000000034,5.399999999999977,-4.900000000000034,-4.400000000000034,-5.300000000000011,1.3999999999999773,0.5,-0.19999999999998863,-9.699999999999989,-4.5,-3.1999999999999886,295.8
51,1901.0,-1.9250000000000114,-1.7250000000000227,5.375,-5.824999999999989,-4.625,-6.225000000000023,2.9750000000000227,0.6750000000000114,-0.32499999999998863,-10.125,-4.824999999999989,-3.125,296.125
52,1902.0,-1.9750000000000227,-2.275000000000034,4.024999999999977,-6.5750000000000455,-4.675000000000011,-6.0750000000000455,2.4249999999999545,1.224999999999966,-0.375,-10.875,-5.5750000000000455,-2.275000000000034,296.475
53,1903.0,-1.9250000000000114,-3.3249999999999886,3.9750000000000227,-7.024999999999977,-5.224999999999966,-5.125,1.9750000000000227,1.275000000000034,-0.9250000000000114,-11.324999999999989,-6.625,-3.4250000000000114,296.825
54,1904.0,-1.8999999999999773,-2.8000000000000114,5.300000000000011,-7.399999999999977,-5.699999999999989,-4.199999999999989,2.1000000000000227,1.3000000000000114,-0.0999999999999659,-11.800000000000011,-7.199999999999989,-4.399999999999977,297.2
55,1905.0,-1.9250000000000114,-2.9250000000000114,5.574999999999989,-8.125,-5.725000000000023,-5.824999999999989,3.0749999999999886,1.2749999999999773,1.5749999999999886,-11.824999999999989,-7.225000000000023,-4.625,297.625
56,1906.0,-1.974999999999966,-3.5749999999999886,5.824999999999989,-8.175000000000011,-5.974999999999966,-6.774999999999977,4.125,1.025000000000034,1.8249999999999886,-11.474999999999966,-7.675000000000011,-5.074999999999989,298.075
57,1907.0,-2.0,-3.3999999999999773,6.100000000000023,-7.5,-6.199999999999989,-7.5,3.5,0.8999999999999773,1.6000000000000227,-11.600000000000023,-6.800000000000011,-5.800000000000011,298.5
58,1908.0,-2.0,-2.7999999999999545,5.900000000000034,-6.2999999999999545,-6.199999999999989,-7.199999999999989,3.900000000000034,1.3000000000000114,1.2000000000000455,-11.699999999999989,-6.199999999999989,-5.5,298.9
59,1909.0,-2.0,-3.0,3.8000000000000114,-5.699999999999989,-6.199999999999989,-6.100000000000023,4.099999999999966,2.5,0.39999999999997726,-11.699999999999989,-6.600000000000023,-5.699999999999989,299.3
60,1910.0,-2.0,-3.3000000000000114,2.3000000000000114,-5.099999999999966,-5.899999999999977,-5.399999999999977,3.6999999999999886,3.900000000000034,-0.39999999999997726,-11.300000000000011,-6.399999999999977,-6.0,299.7
61,1911.0,-1.974999999999966,-3.2749999999999773,3.2250000000000227,-4.175000000000011,-4.675000000000011,-4.574999999999989,4.425000000000011,4.025000000000034,-0.6750000000000114,-11.675000000000011,-6.574999999999989,-5.675000000000011,300.075
62,1912.0,-2.025000000000034,-3.525000000000034,5.274999999999977,-3.3249999999999886,-4.824999999999989,-4.925000000000011,5.474999999999966,4.675000000000011,-1.125,-12.025000000000034,-7.025000000000034,-5.324999999999989,300.425
63,1913.0,-1.974999999999966,-3.875,3.525000000000034,-3.474999999999966,-5.274999999999977,-4.974999999999966,6.225000000000023,4.8250000000000455,-2.1749999999999545,-11.474999999999966,-7.574999999999989,-5.474999999999966,300.775
64,1914.0,-2.0,-3.2000000000000455,1.7999999999999545,-2.400000000000034,-5.100000000000023,-4.600000000000023,5.399999999999977,5.199999999999989,-3.0,-11.600000000000023,-7.300000000000011,-4.800000000000011,301.1
65,1915.0,-2.0,-2.7999999999999545,2.2000000000000455,-1.6999999999999886,-5.0,-5.199999999999989,5.900000000000034,5.5,-1.6999999999999886,-11.899999999999977,-7.199999999999989,-5.0,301.4
66,1916.0,-2.025000000000034,-3.125,2.6749999999999545,-0.9250000000000114,-4.8250000000000455,-6.025000000000034,6.1749999999999545,5.774999999999977,-0.8250000000000455,-11.725000000000023,-7.3250000000000455,-5.025000000000034,301.725
67,1917.0,-1.974999999999966,-3.875,4.324999999999989,0.32499999999998863,-4.774999999999977,-5.675000000000011,5.925000000000011,5.324999999999989,-1.0749999999999886,-11.175000000000011,-7.675000000000011,-4.675000000000011,302.075
68,1918.0,-2.0,-3.2999999999999545,5.0,1.3000000000000114,-4.699999999999989,-5.199999999999989,6.5,4.600000000000023,-0.5999999999999659,-11.0,-7.7999999999999545,-4.5,302.4
69,1919.0,-2.0,-2.8000000000000114,6.100000000000023,1.3000000000000114,-4.699999999999989,-6.099999999999966,6.800000000000011,4.5,-0.19999999999998863,-11.099999999999966,-8.399999999999977,-4.5,302.7
70,1920.0,-2.0249999999999773,-2.724999999999966,6.0750000000000455,0.9750000000000227,-4.324999999999989,-5.824999999999989,5.275000000000034,4.375,-0.2249999999999659,-11.024999999999977,-8.224999999999966,-5.224999999999966,303.025
71,1921.0,-2.0,-3.2999999999999545,5.5,0.6000000000000227,-3.8999999999999773,-5.7999999999999545,4.100000000000023,4.0,0.20000000000004547,-11.699999999999989,-8.599999999999966,-5.199999999999989,303.4
72,1922.0,-1.974999999999966,-2.7749999999999773,7.3250000000000455,-0.4749999999999659,-3.875,-5.274999999999977,4.8250000000000455,5.025000000000034,-0.7749999999999773,-12.174999999999955,-8.674999999999955,-4.375,303.775
73,1923.0,-2.0249999999999773,-2.8249999999999886,8.675000000000011,-1.2250000000000227,-3.9250000000000114,-3.3249999999999886,5.774999999999977,5.475000000000023,-1.625,-12.024999999999977,-8.824999999999989,-4.925000000000011,304.125
74,1924.0,-1.9249999999999545,-3.125,6.975000000000023,-0.9249999999999545,-3.724999999999966,-3.9249999999999545,5.275000000000034,6.5750000000000455,-1.3249999999999886,-12.324999999999989,-9.125,-5.024999999999977,304.525
75,1925.0,-1.9750000000000227,-2.875,6.4249999999999545,0.7249999999999659,-4.475000000000023,-6.175000000000011,6.4249999999999545,7.4249999999999545,-0.47500000000002274,-11.675000000000011,-9.575000000000045,-5.0750000000000455,304.975
76,1926.0,-2.0,-3.3999999999999773,7.400000000000034,1.2000000000000455,-4.5,-7.599999999999966,7.900000000000034,6.5,-0.7999999999999545,-11.399999999999977,-9.199999999999989,-5.399999999999977,305.4
77,1927.0,-1.9250000000000114,-3.3249999999999886,8.375,2.275000000000034,-4.224999999999966,-7.224999999999966,8.275000000000034,4.675000000000011,-0.9250000000000114,-11.724999999999966,-8.925000000000011,-5.224999999999966,305.825
78,1928.0,-2.0,-3.5,8.599999999999966,2.599999999999966,-3.400000000000034,-6.800000000000011,7.199999999999989,3.8000000000000114,-1.400000000000034,-11.900000000000034,-10.0,-6.199999999999989,306.3
79,1929.0,-1.974999999999966,-3.474999999999966,8.325000000000045,2.125,-3.2749999999999773,-6.774999999999977,4.025000000000034,3.3250000000000455,-1.6749999999999545,-11.774999999999977,-10.474999999999966,-6.474999999999966,306.775
80,1930.0,-2.025000000000034,-3.125,5.875,1.5749999999999886,-3.7250000000000227,-8.225000000000023,3.0749999999999886,3.974999999999966,-2.525000000000034,-12.025000000000034,-10.525000000000034,-6.525000000000034,307.225
81,1931.0,-2.0,-3.599999999999966,5.800000000000011,1.0,-3.8000000000000114,-9.300000000000011,4.5,4.300000000000011,-3.0,-12.0,-9.599999999999966,-6.899999999999977,307.7
82,1932.0,-1.9750000000000227,-3.9750000000000227,5.925000000000011,1.0249999999999773,-4.375,-9.175000000000011,5.024999999999977,3.724999999999966,-3.0749999999999886,-12.775000000000034,-9.175000000000011,-6.975000000000023,308.175
83,1933.0,-2.0,-4.0,7.699999999999989,0.5999999999999659,-4.100000000000023,-7.7000000000000455,4.899999999999977,2.5,-3.1000000000000227,-12.900000000000034,-9.400000000000034,-7.0,308.6
84,1934.0,-2.0,-3.8000000000000114,6.899999999999977,0.30000000000001137,-3.6000000000000227,-9.0,5.800000000000011,3.1000000000000227,-3.3999999999999773,-12.100000000000023,-9.600000000000023,-7.899999999999977,309.0
85,1935.0,-2.099999999999966,-3.5,5.300000000000011,0.8000000000000114,-4.399999999999977,-9.599999999999966,5.0,3.7000000000000455,-2.7999999999999545,-12.599999999999966,-9.899999999999977,-6.899999999999977,309.4
86,1936.0,-2.1499999999999773,-3.4499999999999886,6.050000000000011,1.3500000000000227,-4.75,-10.75,4.649999999999977,3.8500000000000227,-2.4499999999999886,-13.350000000000023,-10.449999999999989,-6.25,309.75
87,1937.0,-2.1999999999999886,-2.8000000000000114,8.0,2.1000000000000227,-4.899999999999977,-10.300000000000011,8.0,4.600000000000023,-2.6999999999999886,-13.100000000000023,-10.0,-6.300000000000011,310.0
88,1938.0,-2.1750000000000114,-2.375,9.524999999999977,2.3249999999999886,-5.074999999999989,-8.275000000000034,8.024999999999977,5.724999999999966,-2.1750000000000114,-12.975000000000023,-9.975000000000023,-6.574999999999989,310.175
89,1939.0,-2.1999999999999886,-2.6999999999999886,8.199999999999989,2.099999999999966,-5.0,-6.900000000000034,8.399999999999977,6.0,-1.5,-12.5,-10.600000000000023,-5.400000000000034,310.3
90,1940.0,-2.2749999999999773,-2.1750000000000114,6.425000000000011,2.9250000000000114,-4.675000000000011,-8.574999999999989,9.125,6.524999999999977,-1.1750000000000114,-11.875,-10.774999999999977,-4.274999999999977,310.375
91,1941.0,-2.2749999999999773,-1.2749999999999773,9.225000000000023,3.3249999999999886,-4.175000000000011,-9.175000000000011,10.725000000000023,7.324999999999989,-0.875,-10.875,-9.875,-3.875,310.375
92,1942.0,-2.3000000000000114,-0.5,11.699999999999989,2.8999999999999773,-4.699999999999989,-7.300000000000011,11.399999999999977,7.300000000000011,0.19999999999998863,-10.300000000000011,-9.5,-3.8000000000000114,310.3
93,1943.0,-2.3000000000000114,0.30000000000001137,14.300000000000011,3.400000000000034,-4.899999999999977,-5.699999999999989,10.900000000000034,7.0,0.8000000000000114,-10.199999999999989,-9.099999999999966,-3.6999999999999886,310.2
94,1944.0,-2.2250000000000227,0.7749999999999773,12.675000000000011,4.475000000000023,-4.225000000000023,-5.524999999999977,11.574999999999989,7.375,1.1750000000000114,-10.125,-8.524999999999977,-4.425000000000011,310.125
95,1945.0,-2.2000000000000455,1.7999999999999545,13.699999999999989,4.699999999999989,-3.2000000000000455,-4.600000000000023,11.399999999999977,8.599999999999966,2.8999999999999773,-9.300000000000011,-8.700000000000045,-3.7000000000000455,310.1
96,1946.0,-2.2250000000000227,1.9750000000000227,15.074999999999989,5.574999999999989,-2.8249999999999886,-4.024999999999977,13.175000000000011,10.475000000000023,4.475000000000023,-8.524999999999977,-8.524999999999977,-3.2250000000000227,310.125
97,1947.0,-2.1999999999999886,2.3000000000000114,16.80000000000001,5.900000000000034,-2.8999999999999773,-4.699999999999989,15.199999999999989,10.600000000000023,4.0,-8.300000000000011,-8.300000000000011,-3.3000000000000114,310.2
98,1948.0,-2.125,1.875,17.67500000000001,5.475000000000023,-1.625,-4.425000000000011,15.275000000000034,10.275000000000034,4.275000000000034,-8.524999999999977,-7.925000000000011,-2.625,310.325
99,1949.0,-2.1000000000000227,2.6000000000000227,17.600000000000023,5.199999999999989,-1.3000000000000114,-5.0,14.199999999999989,10.899999999999977,4.199999999999989,-8.199999999999989,-8.0,-2.8000000000000114,310.5
100,1950.0,-2.0500000000000114,3.75,17.350000000000023,5.850000000000023,-1.5500000000000114,-5.350000000000023,13.75,11.449999999999989,4.550000000000011,-8.050000000000011,-8.050000000000011,-1.3500000000000227,310.75
101,1951.0,-2.0,3.6999999999999886,18.899999999999977,6.099999999999966,-1.3000000000000114,-4.900000000000034,14.0,11.699999999999989,4.099999999999966,-8.0,-7.7000000000000455,-1.1000000000000227,311.1
102,1952.0,-2.0,3.8999999999999773,20.5,6.100000000000023,-0.6999999999999886,-3.8999999999999773,15.100000000000023,12.300000000000011,3.8999999999999773,-7.800000000000011,-7.300000000000011,0.8000000000000114,311.5
103,1953.0,-2.025000000000034,4.375,20.274999999999977,7.774999999999977,-0.7250000000000227,-3.2250000000000227,16.57499999999999,12.474999999999966,4.875,-7.925000000000011,-7.625,1.375,311.925
104,1954.0,-1.9250000000000114,4.474999999999966,20.774999999999977,8.774999999999977,-0.32499999999998863,-3.4250000000000114,17.274999999999977,12.474999999999966,5.375,-7.725000000000023,-7.525000000000034,1.0749999999999886,312.425
105,1955.0,-2.0,4.100000000000023,23.0,9.5,0.19999999999998863,-2.5,17.30000000000001,12.800000000000011,5.5,-7.199999999999989,-7.5,1.1000000000000227,313.0
106,1956.0,-1.900000000000034,5.099999999999966,23.599999999999966,10.399999999999977,-0.30000000000001137,-3.0,18.399999999999977,13.399999999999977,5.7999999999999545,-7.600000000000023,-6.7000000000000455,1.0,313.6
107,1957.0,-1.9250000000000114,5.875,22.474999999999966,12.574999999999989,-0.025000000000034106,-3.4250000000000114,18.174999999999955,13.974999999999966,7.375,-8.025000000000034,-6.625,1.6749999999999545,314.225
108,1958.0,-1.9475000000000477,5.452499999999986,23.152499999999975,13.752499999999998,0.3524999999999636,-3.2475000000000023,20.052499999999952,14.552499999999952,7.852499999999964,-7.947500000000048,-6.747500000000002,2.2524999999999977,314.8475
109,1959.0,-1.8999999999999773,5.800000000000011,23.0,14.600000000000023,0.8999999999999773,-2.1000000000000227,19.30000000000001,15.0,8.100000000000023,-7.899999999999977,-6.300000000000011,2.3000000000000114,315.5
110,1960.0,-1.8725000000000023,6.627499999999998,22.92750000000001,14.127499999999998,1.3275000000000432,-1.9724999999999682,20.527500000000032,15.72750000000002,8.327500000000043,-8.172499999999957,-6.372500000000002,1.8275000000000432,316.2725
111,1961.0,-1.875,6.925000000000011,22.525000000000034,13.525000000000034,1.125,-2.0749999999999886,20.125,16.42500000000001,7.725000000000023,-7.474999999999966,-6.474999999999966,1.525000000000034,317.075
112,1962.0,-1.9950000000000045,7.305000000000007,23.204999999999984,13.504999999999995,1.3050000000000068,-0.8950000000000387,19.204999999999984,17.504999999999995,8.404999999999973,-7.194999999999993,-6.9950000000000045,0.9049999999999727,317.795
113,1963.0,-1.9975000000000023,6.902500000000032,25.202500000000043,13.702500000000043,0.6025000000000205,0.40250000000003183,19.002499999999998,17.80250000000001,9.402500000000032,-6.8974999999999795,-6.997500000000002,1.5024999999999977,318.3975
114,1964.0,-1.9250000000000114,7.574999999999989,25.774999999999977,14.474999999999966,1.0749999999999886,0.07499999999998863,19.17500000000001,17.474999999999966,8.474999999999966,-6.625,-6.625,1.7749999999999773,318.925
115,1965.0,-1.7475000000000023,7.8525000000000205,25.05250000000001,14.052500000000009,0.9525000000000432,-0.8474999999999682,19.05250000000001,17.252499999999998,7.552500000000009,-6.1474999999999795,-7.047499999999957,1.8525000000000205,319.6475
116,1966.0,-1.8474999999999682,8.452500000000043,23.55250000000001,13.35250000000002,-0.24750000000000227,-0.9474999999999909,18.952500000000043,17.05250000000001,6.752499999999998,-5.547499999999957,-7.747500000000002,0.8525000000000205,320.6475
117,1967.0,-1.8050000000000068,8.694999999999993,20.59499999999997,12.294999999999959,-1.0049999999999955,-0.40500000000002956,18.694999999999993,17.995000000000005,5.894999999999982,-5.105000000000018,-7.90500000000003,0.8949999999999818,321.605
118,1968.0,-1.634999999999991,8.764999999999986,20.264999999999986,10.865000000000009,-1.0349999999999682,-1.9350000000000023,19.16500000000002,19.264999999999986,5.6650000000000205,-5.3349999999999795,-8.034999999999968,0.7649999999999864,322.635
119,1969.0,-1.8024999999999523,8.497500000000002,21.697500000000048,9.497500000000002,-1.7024999999999864,-3.5024999999999977,18.997500000000002,19.797500000000014,5.697500000000048,-6.402499999999975,-7.702499999999986,-0.7024999999999864,323.9025
120,1970.0,-1.884999999999991,9.014999999999986,20.914999999999964,10.115000000000009,-1.384999999999991,-3.785000000000025,18.61500000000001,19.414999999999964,6.414999999999964,-6.585000000000036,-8.085000000000036,0.4149999999999636,324.985
121,1971.0,-1.6550000000000296,9.544999999999959,19.944999999999993,11.245000000000005,-1.5550000000000068,-2.1550000000000296,18.745000000000005,19.745000000000005,7.944999999999993,-5.955000000000041,-8.055000000000007,1.7450000000000045,325.855
122,1972.0,-1.5399999999999636,9.460000000000036,19.060000000000002,11.860000000000014,-1.6399999999999864,-0.839999999999975,19.660000000000025,20.460000000000036,8.060000000000002,-6.339999999999975,-7.939999999999998,2.5600000000000023,327.14
123,1973.0,-1.7775000000000318,9.122500000000002,18.52249999999998,12.02249999999998,-1.9775000000000205,-1.0774999999999864,20.32249999999999,21.32249999999999,7.422500000000014,-6.677500000000009,-7.877499999999998,1.322499999999991,328.6775
124,1974.0,-1.9424999999999955,10.15749999999997,19.957499999999982,11.857500000000016,-1.642499999999984,-0.7425000000000068,19.15749999999997,22.057500000000005,7.457499999999982,-5.742500000000007,-8.142499999999984,1.7574999999999932,329.7425
125,1975.0,-1.7849999999999682,10.215000000000032,20.41500000000002,11.814999999999998,-0.9849999999999568,0.9150000000000205,18.515000000000043,22.11500000000001,7.015000000000043,-4.384999999999991,-8.08499999999998,2.615000000000009,330.585
126,1976.0,-1.5475000000000136,10.652499999999975,21.252499999999998,11.35250000000002,-1.1474999999999795,1.4524999999999864,18.652499999999975,22.152499999999975,6.452499999999986,-3.947499999999991,-8.547500000000014,3.4524999999999864,331.7475
127,1977.0,-1.572499999999991,11.027500000000032,23.027500000000032,11.627499999999998,-2.2724999999999795,1.0275000000000318,20.027500000000032,21.42750000000001,5.427500000000009,-4.472499999999968,-8.77249999999998,2.1274999999999977,333.2725
128,1978.0,-1.5475000000000136,11.352499999999964,21.752499999999998,11.352499999999964,-3.1475000000000364,0.45249999999998636,19.552499999999952,20.852499999999964,5.852499999999964,-4.547500000000014,-8.447500000000048,1.2524999999999977,334.8475
129,1979.0,-1.4249999999999545,10.875,18.575000000000045,10.575000000000045,-3.724999999999966,-0.9249999999999545,16.375,20.275000000000034,5.475000000000023,-4.324999999999989,-8.625,1.375,336.525
130,1980.0,-1.759999999999991,10.639999999999986,19.24000000000001,9.939999999999998,-3.660000000000025,-0.2599999999999909,15.039999999999964,20.339999999999975,4.839999999999975,-4.860000000000014,-9.360000000000014,2.4399999999999977,338.36
131,1981.0,-1.927500000000009,11.072499999999991,20.27249999999998,9.472499999999968,-3.327500000000043,0.3725000000000023,15.572499999999991,21.172499999999957,5.372500000000002,-4.7275000000000205,-9.927500000000009,2.7724999999999795,339.7275
132,1982.0,-1.6924999999999955,11.90749999999997,22.60749999999996,9.507499999999993,-3.6924999999999955,-0.09250000000002956,17.307500000000005,21.507499999999993,5.507499999999993,-4.892500000000041,-9.892500000000041,3.507499999999993,340.7925
133,1983.0,-1.5974999999999682,12.402500000000032,19.902500000000032,9.60250000000002,-4.497500000000002,-0.09749999999996817,15.60250000000002,21.402500000000032,5.002499999999998,-5.097499999999968,-11.097499999999968,3.6025000000000205,342.1975
134,1984.0,-1.6825000000000045,12.517499999999984,16.61749999999995,8.61749999999995,-4.982500000000016,0.31749999999999545,13.217499999999973,22.017499999999984,3.8174999999999955,-4.782500000000027,-11.782500000000027,2.3174999999999955,343.7825
135,1985.0,-1.6825000000000045,12.217499999999973,17.317499999999995,8.017499999999984,-5.1825000000000045,1.3174999999999955,14.11749999999995,22.41749999999996,3.7174999999999727,-4.482500000000016,-12.482500000000016,2.11749999999995,345.2825
136,1986.0,-1.4975000000000023,12.802500000000009,19.80250000000001,9.202499999999986,-5.897500000000036,1.302500000000009,14.602499999999964,22.902499999999975,4.902499999999975,-4.297500000000014,-12.897500000000036,1.2024999999999864,346.7975
137,1987.0,-1.4449999999999932,12.855000000000018,17.254999999999995,9.455000000000041,-6.7450000000000045,0.9550000000000409,14.355000000000018,23.855000000000018,4.455000000000041,-4.144999999999982,-13.644999999999982,0.5550000000000068,348.645
138,1988.0,-1.6374999999999886,13.162499999999966,16.36250000000001,9.662499999999966,-7.137499999999989,0.9624999999999773,15.0625,23.76249999999999,3.4624999999999773,-4.337500000000034,-14.537500000000023,0.26249999999998863,350.7375
139,1989.0,-1.7875000000000227,13.612500000000011,18.8125,10.3125,-7.087500000000034,1.7124999999999773,14.712499999999977,22.8125,3.6125000000000114,-3.9875000000000114,-14.787500000000023,1.412499999999966,352.4875
140,1990.0,-1.955000000000041,14.245000000000005,18.644999999999982,12.34499999999997,-6.2549999999999955,3.044999999999959,14.84499999999997,22.644999999999982,4.2450000000000045,-3.955000000000041,-14.754999999999995,1.544999999999959,353.855
141,1991.0,-2.117500000000007,14.882499999999993,18.282500000000027,12.782500000000027,-5.617500000000007,2.1825000000000045,18.182500000000005,24.382499999999993,4.382499999999993,-4.417499999999961,-14.717499999999973,2.882499999999993,355.0175
142,1992.0,-2.0849999999999795,15.615000000000009,19.61500000000001,13.115000000000009,-5.884999999999991,1.2150000000000318,19.715000000000032,25.41500000000002,3.9150000000000205,-3.284999999999968,-15.284999999999968,3.0149999999999864,355.885
143,1993.0,-1.8774999999999977,16.922500000000014,20.822500000000048,14.122500000000002,-5.277499999999975,3.4225000000000136,17.022500000000036,25.622500000000002,4.122500000000002,-2.4774999999999636,-16.277499999999975,2.4225000000000136,356.7775
144,1994.0,-1.7275000000000205,16.672500000000014,21.872500000000002,14.972500000000025,-5.427500000000009,5.472500000000025,13.672500000000014,25.472500000000025,4.872500000000002,-2.027499999999975,-16.127499999999998,1.472500000000025,358.1275
145,1995.0,-1.7374999999999545,16.762500000000045,19.5625,15.162500000000023,-6.2374999999999545,4.162500000000023,13.662500000000023,24.262500000000045,4.662500000000023,-1.7374999999999545,-16.337499999999977,1.3625000000000114,359.8375
146,1996.0,-1.7624999999999886,17.837500000000034,18.637500000000045,15.337500000000034,-6.462499999999977,2.9375,13.737500000000011,24.037500000000023,3.837500000000034,-1.2624999999999886,-16.5625,1.9375,361.4625
147,1997.0,-1.454999999999984,18.545000000000016,20.045000000000016,15.745000000000005,-6.154999999999973,2.6450000000000387,16.045000000000016,24.94500000000005,3.44500000000005,-1.3549999999999613,-16.754999999999995,2.2450000000000045,363.155
148,1998.0,-1.5224999999999795,18.377499999999998,20.67750000000001,14.877499999999998,-6.5224999999999795,3.0774999999999864,16.97750000000002,24.17750000000001,2.177500000000009,-1.822499999999991,-17.722499999999968,2.3774999999999977,365.3225
149,1999.0,-1.847500000000025,18.452499999999986,17.652499999999975,14.552499999999952,-8.047500000000014,3.8524999999999636,15.452499999999986,23.952499999999986,1.7524999999999977,-2.0475000000000136,-18.447500000000048,2.9524999999999864,367.3475
150,2000.0,-1.865000000000009,18.63499999999999,18.034999999999968,13.33499999999998,-8.465000000000032,6.534999999999968,14.435000000000002,23.935000000000002,1.8349999999999795,-2.465000000000032,-18.264999999999986,3.134999999999991,368.865
151,2001.0,-1.5674999999999955,18.83250000000004,20.33250000000004,12.532500000000027,-8.167499999999961,6.532500000000027,14.13250000000005,23.232500000000016,1.5325000000000273,-1.5674999999999955,-17.767499999999984,2.9325000000000045,370.4675
152,2002.0,-1.5224999999999795,19.277500000000032,18.277500000000032,12.277500000000032,-9.222499999999968,5.777500000000032,13.877499999999998,22.777500000000032,1.0775000000000432,-1.0224999999999795,-17.922499999999957,2.677500000000009,372.5225
153,2003.0,-1.6599999999999682,19.74000000000001,16.04000000000002,11.54000000000002,-10.360000000000014,7.439999999999998,12.340000000000032,22.939999999999998,0.040000000000020464,-1.3600000000000136,-19.159999999999968,3.740000000000009,374.76
154,2004.0,-1.7124999999999773,19.287500000000023,17.6875,11.6875,-11.112500000000011,7.1875,12.087499999999977,23.38749999999999,-0.6125000000000114,-1.3125,-20.01249999999999,3.4875000000000114,376.8125
155,2005.0,-2.7124999999999773,19.38749999999999,19.88749999999999,11.1875,-11.112500000000011,7.387499999999989,12.387499999999989,24.48750000000001,-1.5124999999999886,-0.41250000000002274,-20.412500000000023,4.887499999999989,378.8125
156,2006.0,-1.7274999999999636,18.972500000000025,19.272500000000036,11.572499999999991,-11.227499999999964,8.472500000000025,12.872500000000002,25.07249999999999,-0.6274999999999977,0.0724999999999909,-21.027499999999975,4.872500000000002,380.8275
157,2007.0,-1.6774999999999523,19.722500000000025,17.822500000000048,13.222500000000025,-10.077499999999986,9.022500000000036,14.222500000000025,25.322500000000048,-1.6774999999999523,0.222500000000025,-22.177499999999952,4.222500000000025,382.7775
158,2008.0,-1.6000000000000227,21.30000000000001,19.69999999999999,14.099999999999966,-9.800000000000011,9.399999999999977,14.300000000000011,24.80000000000001,-3.1000000000000227,0.8999999999999773,-22.400000000000034,3.3999999999999773,384.8
159,2009.0,-1.6122600000000489,21.487739999999974,20.287739999999985,14.187739999999962,-10.312260000000038,10.687739999999962,16.087739999999997,24.187739999999962,-3.4122600000000034,1.1877399999999625,-22.912260000000003,4.087739999999997,387.01226
160,2010.0,-1.6241600000000176,21.875839999999982,18.275840000000017,14.475840000000005,-10.624160000000018,11.875839999999982,14.975840000000005,24.07583999999997,-2.024159999999995,1.575839999999971,-23.324160000000006,5.375839999999982,389.32416
161,2011.0,-1.5380099999999857,22.86198999999999,17.86198999999999,15.261989999999969,-10.738010000000031,13.461990000000014,15.461990000000014,24.36198999999999,0.16199000000000296,2.161990000000003,-23.43801000000002,5.56198999999998,391.63801
162,2012.0,-1.5086600000000203,24.091340000000002,21.19133999999997,16.091340000000002,-10.908659999999998,12.691339999999968,18.19133999999997,25.391339999999957,0.39133999999995694,3.1913399999999683,-23.908659999999998,5.191339999999968,394.00866
163,2013.0,-1.5638400000000274,24.836160000000007,23.036159999999995,15.536159999999995,-10.963840000000005,13.036159999999995,17.436159999999973,25.936159999999973,-0.4638400000000047,4.536159999999995,-25.163839999999993,5.536159999999995,396.46384
164,2014.0,-1.5040200000000254,25.595979999999997,21.695979999999963,15.195979999999963,-11.504020000000025,14.995979999999975,16.995979999999975,26.695979999999963,-1.204020000000014,5.595979999999997,-26.804020000000037,5.895979999999952,399.00402
165,2015.0,-1.4279300000000035,26.372070000000008,21.772069999999985,15.772069999999985,-10.52792999999997,16.17207000000002,17.072069999999997,26.772069999999985,-1.0279299999999694,6.672070000000019,-27.727930000000015,6.172070000000019,401.62793
166,2016.0,-1.4281900000000292,27.57180999999997,23.871809999999982,16.07180999999997,-11.228189999999984,15.271810000000016,18.371809999999982,26.471810000000005,-1.6281900000000178,8.471810000000005,-27.92819000000003,6.471810000000005,404.32819
167,2017.0,-1.3958800000000338,28.804119999999955,25.20411999999999,16.20411999999999,-10.99588,16.50412,19.304119999999955,26.20411999999999,-1.6958800000000451,10.604119999999966,-27.79588000000001,6.904119999999978,407.09588
168,2018.0,-1.4270099999999957,29.47298999999998,25.272989999999993,17.572990000000004,-11.327009999999973,17.672990000000027,18.47298999999998,26.572990000000004,-1.4270099999999957,12.372990000000016,-27.827009999999973,5.372990000000016,409.92701
169,2019.0,-1.421510000000012,31.078489999999988,24.87849,18.87849,-11.521509999999978,17.578489999999988,19.67849000000001,28.078489999999988,-1.421510000000012,14.278490000000033,-29.221509999999967,5.178490000000011,412.82151
170,2020.0,-1.3802200000000084,32.719780000000014,24.61977999999999,20.019780000000026,-11.780219999999986,18.919780000000003,22.61977999999999,29.519780000000026,-2.4802199999999743,16.219780000000014,-30.180219999999963,5.319780000000037,415.78022
171,2021.0,-1.3962900000000218,34.00371000000001,27.70371,22.40370999999999,-11.696289999999976,20.503710000000012,22.40370999999999,30.70371,-2.6962899999999763,16.603709999999978,-31.09629000000001,4.803710000000024,418.79629
172,2022.0,-1.3643900000000144,35.135609999999986,26.935609999999997,23.835609999999974,-11.364390000000014,22.635609999999986,21.435609999999997,31.635609999999986,-2.8643900000000144,16.73561000000001,-32.664390000000026,4.535609999999963,421.86439
173,2023.0,-1.3946899999999687,36.50531000000001,25.00531000000001,24.50531000000001,-11.794690000000003,22.405309999999986,19.905309999999986,30.60531000000003,-3.3946899999999687,17.905309999999986,-32.29469,4.705309999999997,424.99469
174,2024.0,-1.3973399999999856,37.50265999999999,25.802660000000003,25.00265999999999,-11.097339999999974,21.50265999999999,20.102660000000014,30.102660000000014,-3.2973400000000197,18.902660000000026,-31.99734000000001,5.502659999999992,428.19734
175,2025.0,-1.3747299999999996,38.82526999999999,27.225269999999966,26.62527,-11.174730000000011,21.32526999999999,20.62527,30.12527,-2.4747300000000223,19.025269999999978,-33.17473000000001,5.025269999999978,431.47473
176,2026.0,-1.3261899999999969,39.773810000000026,28.173810000000003,29.173810000000003,-11.826189999999997,21.37380999999999,21.07380999999998,30.673810000000003,-1.8261899999999969,19.473810000000014,-34.42619000000002,4.373809999999992,434.82619
177,2027.0,-1.3445600000000013,42.15544,27.75544000000002,30.95544000000001,-11.54455999999999,21.75544000000002,23.855440000000044,30.555440000000033,-1.6445599999999558,20.45544000000001,-34.44455999999997,5.155439999999999,438.24456
178,2028.0,-1.3208000000000197,43.7792,29.079200000000014,32.47919999999999,-11.520800000000008,22.97919999999999,26.579200000000014,31.17919999999998,-2.720799999999997,20.379200000000026,-34.620799999999974,4.979199999999992,441.7208
179,2029.0,-1.3508500000000367,44.84915000000001,29.249149999999986,33.249149999999986,-12.050850000000025,22.749149999999986,25.84915000000001,30.549149999999997,-2.3508500000000367,19.949149999999975,-35.65084999999999,6.349150000000009,445.25085
180,2030.0,-1.3348500000000172,46.86514999999997,28.765150000000006,33.465149999999994,-12.034850000000006,23.665149999999983,24.265150000000006,29.765150000000006,-1.43485000000004,20.56514999999996,-36.93485000000004,6.56514999999996,448.83485
181,2031.0,-1.2735900000000129,48.32641000000001,28.12641000000002,33.62641000000002,-11.973590000000002,26.726409999999987,24.426409999999976,30.52641,-1.2735900000000129,21.12641000000002,-37.47359,6.726409999999987,452.47359
182,2032.0,-1.2770000000000437,50.12299999999999,27.022999999999968,34.32299999999998,-11.977000000000032,28.722999999999956,27.32299999999998,30.923000000000002,-2.576999999999998,20.423000000000002,-37.97700000000003,6.6229999999999905,456.177
183,2033.0,-1.2639800000000037,52.13602000000003,28.13602000000003,35.236019999999996,-12.463979999999992,29.036020000000008,26.036020000000008,31.536020000000008,-2.4639799999999923,20.236019999999996,-39.46397999999999,7.036020000000008,459.96398
184,2034.0,-1.2518099999999777,54.54818999999998,30.84818999999999,36.54818999999998,-13.051809999999989,27.048189999999977,24.94819000000001,32.04818999999998,-2.2518099999999777,20.248190000000022,-41.05180999999999,8.748190000000022,463.85181
185,2035.0,-1.1500300000000152,55.74997000000002,30.649969999999996,37.54996999999997,-13.550029999999992,28.649969999999996,25.349969999999985,32.74997000000002,-2.9500300000000266,19.149969999999996,-42.55002999999999,9.449970000000008,467.85003
186,2036.0,-1.1604699999999752,57.03953000000001,30.739530000000002,39.43952999999999,-13.56047000000001,32.139530000000036,25.739530000000002,33.03953000000001,-3.260469999999998,18.839530000000025,-43.860469999999964,8.639530000000036,471.96047
187,2037.0,-1.1823699999999917,59.717629999999986,32.717629999999986,40.61762999999996,-13.782370000000014,31.517629999999997,25.41763000000003,33.61763000000002,-3.582369999999969,18.31763000000001,-44.782370000000014,8.517629999999997,476.18237
188,2038.0,-1.1079900000000293,62.19201000000004,33.69201000000004,41.592010000000016,-13.707989999999995,30.192009999999982,29.092010000000016,34.592010000000016,-4.107990000000029,17.592010000000016,-45.10799000000003,8.89200999999997,480.50799
189,2039.0,-1.127239999999972,63.57276000000002,32.77276000000006,42.27276000000006,-13.727239999999995,31.972759999999994,27.972759999999994,34.57276000000002,-4.227239999999995,16.472759999999994,-45.62723999999997,9.472759999999994,484.92724
190,2040.0,-1.1354499999999916,65.16455000000002,35.26455000000004,44.26455000000004,-14.435450000000003,33.66455000000002,27.264550000000042,33.76455000000004,-4.33544999999998,15.064549999999997,-46.43545,9.064549999999997,489.43545
191,2041.0,-1.032350000000008,68.26764999999995,34.36764999999997,46.46764999999999,-14.532350000000008,34.067650000000015,29.967649999999992,33.267649999999946,-4.132350000000031,14.267650000000003,-47.03235000000001,10.267650000000003,494.03235
192,2042.0,-1.0296999999999912,70.37030000000004,33.37030000000004,47.77030000000002,-14.829700000000003,36.570299999999975,27.77030000000002,34.37030000000004,-2.4296999999999684,13.670299999999997,-48.92969999999997,10.570300000000032,498.7297
193,2043.0,-1.0295899999999847,71.87040999999999,35.57041000000004,48.17041000000006,-13.429589999999962,39.27040999999997,25.17041000000006,35.17041000000006,-1.929589999999962,13.370409999999993,-50.529589999999985,10.970410000000015,503.52959
194,2044.0,-1.0326600000000212,74.16734000000002,35.06734,48.56734,-13.932659999999998,38.26734000000005,27.267340000000047,35.96733999999998,-2.9326599999999985,12.467339999999979,-51.53266000000002,9.867339999999956,508.43266
195,2045.0,-0.9561400000000049,76.24386000000004,35.64386000000002,49.64386000000002,-14.956140000000005,38.24386000000004,30.143860000000018,37.14386000000002,-2.5561400000000276,12.24386000000004,-52.456140000000005,9.74386000000004,513.45614
196,2046.0,-0.9106199999999944,78.18937999999991,35.28937999999994,50.589380000000006,-15.11062000000004,39.48937999999998,30.589380000000006,38.28937999999994,-2.4106199999999944,11.589380000000006,-52.61062000000004,11.189379999999915,518.61062
197,2047.0,-0.9000600000000532,80.69993999999997,34.69993999999997,53.19993999999997,-15.000060000000076,40.8999399999999,31.599939999999947,38.59993999999995,-2.6000600000000986,10.799939999999992,-54.10006000000004,10.899939999999901,523.90006
198,2048.0,-0.9241799999999785,82.97582,35.675820000000044,54.57582000000002,-14.724179999999933,42.77582000000007,31.775820000000067,37.97582,-3.1241799999999103,9.975819999999999,-54.62417999999997,8.37582000000009,529.32418
199,2049.0,-0.8751999999999498,85.02480000000003,36.324800000000096,55.924800000000005,-15.175199999999904,44.62480000000005,32.52480000000003,37.72480000000007,-3.37519999999995,9.224800000000073,-55.87519999999995,9.524800000000027,534.8752
200,2050.0,-0.8427899999999227,86.55721000000005,36.757209999999986,57.15721000000008,-15.342789999999923,45.65721000000008,32.85721000000001,36.757209999999986,-3.042789999999968,7.957210000000032,-58.24278999999996,9.957210000000032,540.54279
201,2051.0,-0.8220099999999775,88.37799000000007,37.777990000000045,57.17799000000002,-15.822009999999977,45.67799000000002,33.777990000000045,37.47798999999998,-2.2220099999999547,7.477989999999977,-60.12200999999999,9.377990000000068,546.32201
202,2052.0,-0.8118900000000622,90.78810999999996,39.88810999999998,58.488110000000006,-15.911890000000085,46.78810999999996,33.488110000000006,38.38810999999998,-1.6118900000000167,6.688109999999938,-60.51189000000005,9.388109999999983,552.21189
203,2053.0,-0.8122000000000753,93.5877999999999,38.38779999999997,59.5877999999999,-16.012200000000007,49.78779999999995,33.687799999999925,38.98779999999999,-2.11220000000003,5.487799999999993,-61.812200000000075,11.287799999999947,558.2122
204,2054.0,-0.8131100000000515,96.18688999999995,36.18688999999995,60.9868899999999,-16.21311000000003,51.586889999999926,34.086889999999926,39.9868899999999,-2.8131100000000515,4.486889999999903,-63.61311000000006,11.186889999999948,564.31311
205,2055.0,-0.7166900000000851,97.98330999999996,35.183310000000006,63.48330999999996,-16.616690000000062,50.08330999999998,32.08330999999998,40.88330999999994,-2.5166900000000396,3.8833099999999376,-65.41669000000002,10.283309999999915,570.51669
206,2056.0,-0.7434299999999894,100.55656999999997,36.95656999999994,65.05656999999997,-17.24342999999999,49.95656999999994,31.556569999999965,41.35657000000003,0.35657000000003336,2.556569999999965,-67.44343000000003,10.856570000000033,576.84343
207,2057.0,-0.7047099999999773,102.69529,36.895290000000045,66.89529000000005,-17.204709999999977,52.895290000000045,34.29529000000002,41.995289999999954,0.9952899999999545,1.8952900000000454,-69.30471,12.295290000000023,583.30471
208,2058.0,-0.7053899999999658,104.69461000000001,37.69461000000001,68.49460999999997,-18.80538999999999,52.59460999999999,33.19461000000001,41.994609999999966,0.6946100000000115,0.994609999999966,-70.80538999999999,11.994609999999966,589.90539
209,2059.0,-0.6465600000000222,107.45344,38.65343999999993,71.05344000000002,-18.446559999999977,54.753439999999955,33.55344000000002,41.35343999999998,-0.04655999999999949,-0.8465600000000677,-72.34656000000007,11.45344,596.64656
210,2060.0,-0.6204500000000053,109.37955,40.97955000000002,72.27954999999997,-18.720450000000028,56.97955000000002,34.67955000000006,41.879549999999995,-0.5204499999999825,-1.0204499999999825,-73.32044999999994,12.279549999999972,603.52045
211,2061.0,-0.6164999999999736,111.6835000000001,40.283500000000004,73.1835000000001,-18.816499999999905,57.683500000000095,36.683500000000095,41.98350000000005,0.5835000000000719,-1.2164999999999964,-74.51649999999995,13.083500000000072,610.5165
212,2062.0,-0.6052600000000439,114.19473999999991,42.19473999999991,75.99473999999998,-18.00526000000002,57.59474,36.09474,42.29473999999993,2.0947400000000016,-1.4052599999999984,-76.30526000000009,12.994739999999979,617.60526
213,2063.0,-0.6636700000000246,116.13632999999993,41.53632999999991,79.63632999999993,-18.86367000000007,59.03632999999991,34.13632999999993,42.43633,2.536329999999907,-1.1636700000000246,-77.86367000000007,13.236329999999953,624.76367
214,2064.0,-0.6947100000001001,118.20528999999999,43.505289999999945,82.3052899999999,-20.1947100000001,62.005289999999945,36.505289999999945,42.20528999999999,3.9052899999999227,-1.5947100000000773,-79.59471000000008,13.905289999999923,631.99471
215,2065.0,-0.6905199999999923,120.00947999999994,43.30948000000001,84.60947999999996,-20.09051999999997,61.90948000000003,37.60947999999996,42.00947999999994,6.309480000000008,-2.0905199999999695,-81.29052000000001,13.40948000000003,639.29052
216,2066.0,-0.7527400000000171,122.94726000000003,44.44726000000003,86.84726,-19.55273999999997,63.24725999999998,37.54726000000005,42.94726000000003,6.64725999999996,-2.952739999999949,-82.85274000000004,12.847260000000006,646.65274
217,2067.0,-0.6984300000000303,125.70156999999995,44.80156999999997,89.60157000000004,-18.998429999999985,63.60157000000004,39.20156999999995,43.20156999999995,6.601570000000038,-3.998429999999985,-84.09843000000001,12.101570000000038,654.09843
218,2068.0,-0.7449100000000044,127.85509000000002,45.555090000000064,93.05509000000006,-18.844910000000027,64.75509,40.255089999999996,44.555090000000064,7.055090000000064,-4.844910000000027,-85.14490999999998,12.455090000000041,661.64491
219,2069.0,-0.7047400000000152,129.89526,44.09525999999994,95.59525999999994,-19.704740000000015,67.09525999999994,41.49525999999992,45.39526000000001,6.795259999999985,-5.804740000000038,-86.40474000000006,11.59525999999994,669.30474
220,2070.0,-0.6776200000000472,132.42237999999998,42.62238000000002,97.72237999999993,-18.677620000000047,68.32237999999995,39.62238000000002,45.422379999999976,7.022379999999998,-6.677620000000047,-88.97762,11.822379999999953,677.07762
221,2071.0,-0.754289999999969,134.84570999999994,45.74571000000003,99.94570999999996,-17.954290000000015,69.74571000000003,39.94570999999996,46.545709999999985,7.34570999999994,-7.4542900000000145,-91.05429000000004,13.84570999999994,684.95429
222,2072.0,-0.8019600000000082,137.89803999999992,44.298040000000015,102.69803999999999,-18.40196000000003,70.19803999999999,41.69803999999999,47.798040000000015,8.098039999999969,-7.601960000000076,-94.00196000000005,14.898039999999924,692.90196
223,2073.0,-0.7941600000000335,139.70583999999997,45.00583999999992,105.80583999999999,-18.894160000000056,72.4058399999999,41.4058399999999,47.70583999999997,8.905839999999898,-7.894160000000056,-95.49416000000008,14.905839999999898,700.89416
224,2074.0,-0.8315900000000056,141.86840999999993,45.76841000000002,108.66841,-18.43159000000003,73.06840999999997,40.06840999999997,49.168409999999994,8.868409999999926,-7.531590000000051,-97.63159000000007,15.068409999999972,708.93159
225,2075.0,-0.8154799999999796,143.88451999999995,43.984519999999975,111.38451999999995,-19.21548000000007,75.48451999999997,41.28451999999993,51.484519999999975,8.384519999999952,-8.515480000000025,-100.11548000000005,15.384519999999952,717.01548
226,2076.0,-0.9359699999999975,146.96402999999998,43.56403,113.76402999999993,-19.83597000000009,76.96402999999998,41.764029999999934,52.06403,10.064030000000002,-9.03597000000002,-101.43597,14.764029999999934,725.13597
227,2077.0,-0.9066700000000765,149.39333,45.79332999999997,116.79332999999997,-18.906670000000076,76.69332999999995,41.59332999999992,51.4933299999999,12.593329999999924,-9.706670000000031,-102.20667000000003,14.393329999999992,733.30667
228,2078.0,-0.9236799999999903,151.27631999999994,48.67632000000003,119.87631999999996,-18.72368000000006,77.27631999999994,43.27631999999994,50.47631999999999,12.876319999999964,-10.323679999999968,-103.72368000000006,14.276319999999942,741.52368
229,2079.0,-1.004660000000058,154.19534,45.89534000000003,123.69533999999999,-18.004660000000058,79.09533999999996,46.49533999999994,51.39534000000003,12.29534000000001,-10.304660000000013,-105.40466000000004,16.095339999999965,749.80466
230,2080.0,-0.9823000000000093,156.0177,47.71769999999992,127.81769999999995,-18.582300000000032,81.71769999999992,45.41769999999997,51.91769999999997,12.51769999999999,-10.582300000000032,-107.08230000000003,16.51769999999999,758.1823
231,2081.0,-1.0445099999999456,158.75549,49.155489999999986,132.65549,-17.944509999999923,81.55549000000008,46.25549000000001,52.25549000000001,13.955490000000054,-10.944509999999923,-109.24450999999999,15.555490000000077,766.64451
232,2082.0,-1.074459999999931,162.12554,49.02554000000009,136.22554000000002,-18.774459999999976,81.32554000000005,44.92554000000007,51.62554,16.225540000000024,-11.274459999999976,-112.27445999999998,16.025540000000092,775.17446
233,2083.0,-1.051409999999919,163.84859000000006,51.04858999999999,139.94859000000008,-17.851409999999987,82.94859000000008,45.34859000000006,52.34859000000006,16.748590000000036,-12.45141000000001,-113.95141000000001,17.84859000000006,783.75141
234,2084.0,-1.165779999999927,165.93421999999998,51.23422000000005,144.43421999999998,-16.865779999999972,84.93421999999998,44.43421999999998,53.534220000000005,17.334220000000073,-12.465779999999995,-114.46578,20.134220000000028,792.36578
235,2085.0,-1.1188000000000784,168.58119999999997,52.58119999999997,148.7811999999999,-17.018800000000056,87.08119999999997,46.2811999999999,53.68119999999999,19.2811999999999,-12.118800000000078,-115.91880000000003,20.481199999999944,801.0188
236,2086.0,-1.2146400000000313,170.88536,52.185359999999946,153.38536,-15.314640000000054,88.48536000000001,47.78535999999997,53.08535999999992,20.88535999999999,-13.014639999999986,-117.21464000000003,19.28535999999997,809.71464
237,2087.0,-1.2221399999999676,174.17786,51.67786000000001,157.27786000000003,-14.522140000000036,90.27786000000003,48.07785999999999,53.67786000000001,21.17786000000001,-13.32213999999999,-118.82213999999999,19.67786000000001,818.42214
238,2088.0,-1.257190000000037,176.34281,53.04281000000003,160.74280999999996,-13.657190000000014,92.14280999999994,52.24280999999996,54.94281000000001,21.64280999999994,-13.957189999999969,-120.65719000000001,20.242809999999963,827.15719
239,2089.0,-1.3559400000000323,179.24406,53.64405999999997,163.24406,-13.955940000000055,94.04405999999994,53.544059999999945,56.044059999999945,22.144059999999968,-14.955940000000055,-121.85594000000003,20.644059999999968,835.95594
240,2090.0,-1.4047100000000228,181.0952900000001,54.995289999999954,166.39529000000005,-14.504710000000046,95.59528999999998,52.495289999999954,56.995289999999954,24.395290000000045,-15.704709999999977,-122.60470999999995,22.19529,844.80471
241,2091.0,-1.4253600000000688,184.57463999999993,54.674639999999954,170.87463999999989,-14.325360000000046,97.27463999999998,54.674639999999954,59.87464,25.274639999999977,-16.325360000000046,-124.52535999999998,23.87464,853.72536
242,2092.0,-1.4259700000000066,186.97403000000008,55.07402999999999,176.07403,-13.925970000000007,98.47403000000008,57.37403000000006,60.174030000000016,25.474030000000084,-16.925970000000007,-126.92597,25.27403000000004,862.72597
243,2093.0,-1.4768000000000256,189.42320000000007,53.32320000000004,181.82319999999993,-13.376800000000003,99.72320000000002,57.1232,61.22320000000002,25.923200000000065,-17.876800000000003,-128.97680000000003,27.023199999999974,871.7768
244,2094.0,-1.5643499999999904,191.3356500000001,54.43565000000001,187.63565000000006,-13.1643499999999,102.73565000000008,57.03565000000003,62.53565000000003,25.8356500000001,-18.364349999999945,-130.26434999999992,29.635650000000055,880.86435
245,2095.0,-1.5816200000000435,193.6183799999999,56.818379999999934,191.91838000000007,-12.581620000000044,104.51837999999998,58.51837999999998,62.01837999999998,27.618380000000002,-19.281619999999975,-132.38162,28.618380000000002,889.98162
246,2096.0,-1.6240699999999606,195.97592999999995,56.075930000000085,196.47592999999995,-12.724069999999983,105.67593,61.575930000000085,63.075930000000085,29.675929999999994,-20.024069999999938,-135.32407,29.075930000000085,899.12407
247,2097.0,-1.6887100000000146,198.51128999999992,56.811289999999985,200.81128999999987,-12.988710000000083,105.91129000000001,61.41129000000001,64.41129000000001,30.11128999999994,-20.688710000000015,-136.48871000000008,30.811289999999985,908.28871
248,2098.0,-1.7713699999999335,201.12862999999993,58.72863000000007,205.12862999999993,-11.371369999999956,108.72863000000007,61.72863000000007,63.72863000000007,30.02863000000002,-21.171370000000024,-138.57137,31.728630000000067,917.47137
249,2099.0,-1.7652699999999868,204.53473000000008,61.03473000000008,209.23473000000013,-10.86527000000001,111.03473000000008,59.93473000000006,65.03473000000008,31.43473000000006,-21.36527000000001,-140.06526999999994,31.63472999999999,926.66527
250,2100.0,-1.874369999999999,206.12563,59.32563000000005,212.92562999999996,-10.074370000000044,112.42562999999996,61.425629999999956,62.225630000000024,32.925629999999956,-21.87437,-141.57437000000004,,935.87437
